{"type": "block", "layer": 0, "block": 0, "features": [{"geom": {"polygons": [[[[-31.052631579471324, 7.0394736830806615], [-21.44736842145371, 13.618421053101082], [-15.394736842863377, 5.197368419827342], [-25.13157894753303, -1.3815789484310994], [-31.052631579471324, 7.0394736830806615]]]], "centroids": [[-23.246229917933615, 6.115913529728595, 0.0]], "h": 6.621664424063032}, "mtl": {"face": 0}, "prop": ["1", "Math", "700", "1"], "lh": 4.729760302902165}, {"geom": {"polygons": [[[[-25.13157894753303, -1.5131578946421766], [-15.263157894889856, 5.197368419827342], [-7.368421052599122, -6.381578945417883], [-16.8421052635242, -12.828947369667718], [-25.13157894753303, -1.5131578946421766]]]], "centroids": [[-16.17891652155425, -3.8430688834171796, 0.0]], "h": 9.45952060580433}, "mtl": {"face": 1}, "prop": ["2", "Algorithms", "1000", "0"], "lh": 4.729760302902165}, {"geom": {"polygons": [[[[-16.710526315991174, -12.828947369667718], [-7.368421052599122, -6.513157894271918], [5.394736842246683, -25.197368420548774], [-3.2894736839207295, -31.381578949293004], [-16.710526315991174, -12.828947369667718]]]], "centroids": [[-5.56328577147881, -18.89953162435206, 0.0]], "h": 12.29737678754563}, "mtl": {"face": 1}, "prop": ["3", "Programing Languages", "1300", "0"], "lh": 4.729760302902165}], "featureCount": 3}