{"type": "block", "layer": 0, "block": 0, "features": [{"geom": {"polygons": [[[[-21.44736842145371, 13.750000000633637], [-13.289473684096926, 19.407894736164188], [-5.52631578933922, 8.355263157965739], [-13.684210525374525, 2.697368419351735], [-21.44736842145371, 13.750000000633637]]]], "centroids": [[-13.486842104735725, 11.052631578638945, 0.0]], "h": 3.7838082423217325}, "mtl": {"face": 0}, "prop": ["1", "Design Programs", "400", "0"], "lh": 4.729760302902165}, {"geom": {"polygons": [[[[-13.684210525374525, 2.5657894727001618], [-5.394736842246683, 8.355263157965739], [5.131578947621129, -7.039473684402145], [-3.02631578929517, -12.697368420373186], [-13.684210525374525, 2.5657894727001618]]]], "centroids": [[-4.258339556503243, -2.179769243646749, 0.0]], "h": 2.8378561817412993}, "mtl": {"face": 1}, "prop": ["2", "Inside Design", "300", "1"], "lh": 4.729760302902165}, {"geom": {"polygons": [[[[-2.8947368413216488, -12.828947369667718], [5.0000000000881, -7.30263157858627], [13.815789473788541, -19.93421052673491], [5.789473684405266, -25.328947369402808], [-2.8947368413216488, -12.828947369667718]]]], "centroids": [[5.438033958045696, -16.346804604247215, 0.0]], "h": 7.567616484643465}, "mtl": {"face": 0}, "prop": ["3", "Outdoor Design", "800", "0"], "lh": 4.729760302902165}], "featureCount": 3}