{"type": "block", "layer": 0, "block": 0, "features": [{"geom": {"polygons": [[[[-33.217703349658414, 18.797846890535315], [-24.485645934093647, 6.955741627809798], [-33.696172248576396, 1.0944976089618992], [-41.71052631596441, 13.415071770204513], [-33.217703349658414, 18.797846890535315]]]], "centroids": [[-33.22103716318647, 9.982310786654777, 0.0]], "h": 2.5798692561243213}, "mtl": {"face": 0}, "prop": ["1", "Level A", "300", "0"], "lh": 4.299782093540536}, {"geom": {"polygons": [[[[-24.36602870786247, 6.955741627809798], [-17.547846889971886, -2.494019137524857], [-26.63875598062615, -8.474880379400235], [-33.45693779931763, 1.333732056218206], [-24.36602870786247, 6.955741627809798]]]], "centroids": [[-25.510899879988045, -0.6977138383807249, 0.0]], "h": 2.149891046770268}, "mtl": {"face": 1}, "prop": ["2", "Level B", "250", "1"], "lh": 4.299782093540536}, {"geom": {"polygons": [[[[-26.519138755996764, -8.594497605631304], [-17.500000000520583, -2.5657894751055594], [-7.631578947773082, -16.118421052832844], [-16.9736842105495, -22.43421052847557], [-26.519138755996764, -8.594497605631304]]]], "centroids": [[-17.1273315481202, -12.474334545400158, 0.0]], "h": 3.869803884186482}, "mtl": {"face": 0}, "prop": ["3", "Level C", "450", "0"], "lh": 4.299782093540536}], "featureCount": 3}