{"type": "block", "layer": 0, "block": 0, "features": [{"geom": {"triangles": {"v": [-10.896043214795304, 5.766322155250688, 0.0, -8.758608187540911, 2.8146261652352007, 0.0, -4.890868614413913, 9.786735658892482, 0.0, -2.8552162075049625, 6.7841483587043045, 0.0], "f": [0, 1, 2, 2, 1, 3]}, "centroids": [[-6.863046670813022, 6.2857166039049925, 0.0]]}, "mtl": 0, "prop": ["1", "Hebrew", "8000", "Top", "0"], "lh": 0.2035652406908947}, {"geom": {"triangles": {"v": [-8.758608187540911, 2.8146261652352007, 0.0, -6.9265210213228565, 0.21916934642847663, 0.0, -2.906107517677686, 6.7841483587043045, 0.0, -1.1249116616323607, 4.239582850070263, 0.0], "f": [0, 1, 2, 2, 1, 3]}, "centroids": [[-4.93324331607155, 3.506875813461282, 0.0]]}, "mtl": 1, "prop": ["2", "English", "7000", "Middle", "1"], "lh": 0.2035652406908947}, {"geom": {"triangles": {"v": [-6.9265210213228565, 0.21916934642847663, 0.0, -4.941759924586636, -2.6816353334143335, 0.0, -1.1758029718050844, 4.239582850070263, 0.0, 0.9107407452765837, 1.3387781702274568, 0.0], "f": [0, 1, 2, 2, 1, 3]}, "centroids": [[-3.0133950576277546, 0.7811267980598534, 0.0]]}, "mtl": 0, "prop": ["3", "French", "2000", "Bottom", "0"], "lh": 0.2035652406908947}], "featureCount": 3}