{"type": "block", "layer": 0, "block": 0, "features": [{"geom": {"polygons": [[[[1.8092105260233526, 3.986244019179989], [7.939593301293857, -4.955143541079801], [6.294856459035792, -6.091507176960036], [0.19437799022297142, 2.8498803828992987], [1.8092105260233526, 3.986244019179989]]]], "centroids": [[4.06605547872867, -1.0617393048630326, 0.0]], "h": 0.9999143258528516}, "mtl": {"face": 0}, "prop": ["1", "Engineering", "2500", "4000", "NULL"]}, {"geom": {"polygons": [[[[0.19437799022297142, 2.8498803828992987], [6.294856459035792, -6.121411483317579], [4.4407894732758635, -7.317583731912904], [-1.6895933014940856, 1.563995215331461], [0.19437799022297142, 2.8498803828992987]]]], "centroids": [[2.293822314808769, -2.230729733879169, 0.0]], "h": 0.9999143258528516}, "mtl": {"face": 1}, "prop": ["2", "Design", "1500", "3000", "NULL"]}, {"geom": {"polygons": [[[[-1.7194976078516555, 1.563995215331461], [4.470693779633428, -7.317583731912904], [2.437200956729191, -8.752990430367449], [-3.9324162683006425, 0.06877990436206041], [-1.7194976078516555, 1.563995215331461]]]], "centroids": [[0.27642681191490936, -3.5582999537140783, 0.0]], "h": 0.9999143258528516}, "mtl": {"face": 2}, "prop": ["3", "Science", "3000", "6000", "NULL"]}, {"geom": {"polygons": [[[[-3.9324162683006425, 0.03887559780429283], [2.437200956729191, -8.782894737125437], [0.10466507155071358, -10.367822966666912], [-6.11543062219183, -1.3965311003499163], [-3.9324162683006425, 0.03887559780429283]]]], "centroids": [[-1.8369414692987085, -5.184474502139021, 0.0]], "h": 0.9999143258528516}, "mtl": {"face": 3}, "prop": ["3", "English", "1000", "0", "NULL"]}], "featureCount": 4}