{"type": "block", "layer": 1, "block": 0, "features": [{"geom": {"polygons": [[[[1.8538370278583405, 3.977287444913199], [4.007763797939168, 0.850619552097872], [-2.2108312317941694, -3.3877524790569655], [-4.468980264878841, -0.22634383274132858], [1.8538370278583405, 3.977287444913199]]]], "centroids": [[-0.2179840956994028, 0.29774771046868287, 1.074945523385134]], "h": 1.074945523385134}, "mtl": {"face": 0}, "prop": ["1", "Hebrew", "7000", "Middle", "NULL"]}, {"geom": {"polygons": [[[[-2.2108312317941694, -3.3877524790569655], [3.9730230436379355, 0.850619552097872], [5.849023778908369, -1.8591592875011311], [-0.30008974222248685, -6.132272072957182], [-2.2108312317941694, -3.3877524790569655]]]], "centroids": [[1.820117763097695, -2.6370386585097503, 1.074945523385134]], "h": 1.074945523385134}, "mtl": {"face": 1}, "prop": ["2", "English", "8000", "Top", "NULL"]}, {"geom": {"polygons": [[[[-0.30008974222248685, -6.132272072957182], [5.814283024607136, -1.8591592875011311], [8.002950548989208, -4.951086425114238], [1.819096273557097, -9.154717702368316], [-0.30008974222248685, -6.132272072957182]]]], "centroids": [[3.847705856220718, -5.515753798710049, 1.074945523385134]], "h": 1.074945523385134}, "mtl": {"face": 2}, "prop": ["3", "French", "2000", "Bottom", "NULL"]}], "featureCount": 3}