{"type": "block", "layer": 0, "block": 0, "features": [{"geom": {"polygons": [[[[1.5789473686343425, 34.40789473681538], [28.55263157986777, -4.934210528286174], [21.315789473920688, -9.934210526153946], [-5.526315788898723, 29.407894737185647], [1.5789473686343425, 34.40789473681538]]]], "centroids": [[11.509065160553645, 12.19676811104954, 0.0]], "h": 23.64880151451083}, "mtl": {"face": 0}, "prop": ["1", "Engineering", "2500", "4000"], "lh": 47.29760302902166}, {"geom": {"polygons": [[[[-5.526315788898723, 29.407894737185647], [21.315789473920688, -10.065789474126994], [13.157894736563902, -15.328947367940861], [-13.81578947246706, 23.749999999893124], [-5.526315788898723, 29.407894737185647]]]], "centroids": [[3.7112392392935623, 7.05321022338396, 0.0]], "h": 14.189280908706497}, "mtl": {"face": 0}, "prop": ["2", "Design", "1500", "3000"], "lh": 47.29760302902166}, {"geom": {"polygons": [[[[-13.947368420440576, 23.749999999893124], [13.289473684537423, -15.328947367940861], [4.342105263744445, -21.644736841134193], [-23.68421052643171, 17.171052631634677], [-13.947368420440576, 23.749999999893124]]]], "centroids": [[-5.165300973453607, 1.2119012561165197, 0.0]], "h": 28.378561817412994}, "mtl": {"face": 0}, "prop": ["3", "Science", "3000", "6000"], "lh": 47.29760302902166}, {"geom": {"polygons": [[[[-23.68421052643171, 17.039473682780642], [4.342105263744445, -21.776315790869212], [-5.921052631057311, -28.750000000844345], [-33.28947368356833, 10.72368421090879], [-23.68421052643171, 17.039473682780642]]]], "centroids": [[-14.464121410808445, -5.943266756945692, 0.0]], "h": 9.45952060580433}, "mtl": {"face": 0}, "prop": ["3", "English", "1000", "0"], "lh": 47.29760302902166}], "featureCount": 4}