{"type": "block", "layer": 0, "block": 0, "features": [{"geom": {"polygons": [[[[-13.026315789911857, 19.407894736164188], [-5.921052631497803, 24.407894735353434], [0.9210526314097023, 14.407894734772471], [-6.447368421189415, 9.93421052571345], [-13.026315789911857, 19.407894736164188]]]], "centroids": [[-6.093906879687533, 17.066683597299868, 0.0]], "h": 4.729760302902165}, "mtl": {"face": 0}, "prop": ["1", "Math", "500", "0"], "lh": 4.729760302902165}, {"geom": {"polygons": [[[[-6.447368421189415, 9.802631577740398], [1.0526315785022389, 14.276315788561392], [7.236842105947083, 5.065789472735281], [-4.404920872502771e-10, 0.46052631746518324], [-6.447368421189415, 9.802631577740398]]]], "centroids": [[0.4380955966191591, 7.405706449906969, 0.0]], "h": 9.45952060580433}, "mtl": {"face": 0}, "prop": ["2", "Electric", "1000", "0"], "lh": 4.729760302902165}, {"geom": {"polygons": [[[[-0.13157894753302868, 0.3289473681706516], [7.236842105947083, 5.065789472735281], [14.342105262599159, -4.802631577670168], [6.842105263347998, -9.671052634172282], [-0.13157894753302868, 0.3289473681706516]]]], "centroids": [[7.082545150949415, -2.288197429045972, 0.0]], "h": 7.567616484643465}, "mtl": {"face": 0}, "prop": ["3", "Physics", "800", "0"], "lh": 4.729760302902165}, {"geom": {"polygons": [[[[6.842105263347998, -9.934210526594438], [14.210526315947124, -5.065789476259227], [20.9210526313216, -14.671052632921038], [13.684210526255514, -19.53947368589921], [6.842105263347998, -9.934210526594438]]]], "centroids": [[13.90377382897513, -12.295342500233392, 0.0]], "h": 1.8919041211608663}, "mtl": {"face": 1}, "prop": ["4", "Labratory", "200", "1"], "lh": 4.729760302902165}], "featureCount": 4}